Ciudad,Riesgo bajo,Riesgo medio,Riesgo alto,Total
0,44,14,37,95
150,28,6,34,68
50,29,9,20,58
148,20,9,19,48
7,23,2,23,48
141,24,9,14,47
21,20,6,17,43
12,24,7,10,41
180,22,7,12,41
204,21,12,6,39
143,13,5,19,37
162,6,21,9,36
165,10,16,9,35
194,21,4,10,35
78,22,4,8,34
59,15,7,11,33
146,14,10,8,32
139,5,17,10,32
164,7,20,4,31
61,12,6,13,31
199,9,12,10,31
55,13,8,10,31
210,16,5,9,30
30,16,2,12,30
161,7,18,5,30
11,19,3,8,30
134,16,12,2,30
207,14,7,8,29
163,1,22,6,29
76,13,3,13,29
37,14,6,8,28
92,12,6,10,28
171,8,14,5,27
27,9,7,11,27
209,14,5,8,27
147,12,5,10,27
153,10,9,8,27
43,10,5,12,27
33,7,6,14,27
192,12,10,4,26
25,11,7,8,26
79,7,9,10,26
184,4,11,11,26
156,8,7,11,26
249,19,0,7,26
137,11,6,9,26
110,6,8,11,25
6,5,11,9,25
154,6,9,10,25
181,4,14,7,25
5,3,14,8,25
114,8,8,9,25
131,6,16,3,25
90,9,4,11,24
229,13,6,5,24
218,9,6,9,24
13,11,2,11,24
168,6,15,3,24
177,6,15,3,24
185,6,16,2,24
89,3,6,15,24
112,10,4,10,24
167,3,12,9,24
166,4,12,8,24
175,8,9,7,24
117,10,9,5,24
65,7,9,8,24
28,9,4,10,23
200,4,11,8,23
176,10,9,4,23
36,7,9,7,23
140,2,14,7,23
64,6,9,8,23
98,3,10,10,23
105,11,7,5,23
10,14,2,7,23
34,14,2,6,22
169,1,16,5,22
160,2,16,4,22
41,8,9,5,22
145,1,14,7,22
189,3,7,12,22
196,5,12,5,22
62,4,10,8,22
128,6,8,8,22
149,4,9,9,22
122,7,8,6,21
126,6,8,7,21
159,3,10,8,21
106,7,5,9,21
88,5,8,8,21
138,5,10,6,21
170,3,14,4,21
195,4,9,8,21
48,5,9,7,21
174,2,15,4,21
121,3,9,8,20
119,7,4,9,20
123,2,12,6,20
70,13,4,3,20
73,0,13,7,20
142,5,8,7,20
178,2,13,5,20
72,7,9,4,20
157,3,12,5,20
152,6,8,6,20
172,4,10,6,20
206,6,4,10,20
44,7,6,6,19
182,1,8,10,19
179,3,9,7,19
220,8,7,4,19
155,3,9,7,19
129,5,8,6,19
75,6,6,7,19
94,4,8,7,19
9,11,1,7,19
242,11,0,8,19
84,6,11,2,19
87,5,7,7,19
83,7,6,6,19
97,6,6,7,19
107,6,3,10,19
93,6,3,10,19
99,2,5,11,18
14,8,3,7,18
104,4,11,3,18
4,7,5,6,18
202,1,11,6,18
197,3,8,7,18
208,6,5,7,18
18,7,3,8,18
22,9,2,7,18
132,4,7,7,18
173,1,8,9,18
186,1,10,7,18
118,2,12,3,17
115,3,8,6,17
111,5,6,6,17
191,8,7,2,17
29,8,5,4,17
217,4,4,9,17
213,3,4,10,17
203,2,8,7,17
211,5,3,9,17
3,5,8,4,17
82,0,8,9,17
77,6,7,4,17
135,4,9,4,17
74,9,3,5,17
151,3,8,6,17
247,11,0,5,16
15,12,2,2,16
127,1,7,8,16
108,6,4,6,16
201,1,8,7,16
188,3,7,6,16
71,2,8,6,16
51,3,7,6,16
32,4,2,10,16
49,4,6,6,16
40,6,6,4,16
223,5,3,8,16
234,6,7,3,16
219,9,3,3,15
26,6,5,4,15
116,4,5,6,15
125,1,11,3,15
66,2,9,4,15
86,3,7,5,15
91,3,5,7,15
2,1,10,4,15
240,10,1,4,15
58,3,5,7,15
39,7,3,5,15
144,1,8,6,15
47,6,3,6,15
54,6,2,7,15
187,1,9,5,15
95,4,4,7,15
238,5,5,4,14
16,5,3,6,14
130,1,3,10,14
69,2,8,4,14
136,5,6,3,14
190,3,5,6,14
198,1,8,5,14
120,7,4,3,14
1,3,10,1,14
233,5,7,2,14
230,8,5,1,14
214,6,5,3,14
19,7,5,2,14
81,1,6,7,14
124,2,9,3,14
259,5,0,8,13
265,10,0,3,13
80,3,6,4,13
255,10,0,3,13
109,0,4,9,13
113,2,7,4,13
57,5,5,3,13
133,5,6,2,13
52,5,6,2,13
63,2,4,7,13
236,7,1,5,13
226,6,4,3,13
20,2,5,6,13
45,3,6,4,13
222,6,2,5,13
205,8,3,2,13
239,3,5,4,12
103,2,6,4,12
158,2,7,3,12
221,4,7,1,12
212,5,0,7,12
17,3,1,8,12
60,4,3,4,11
183,1,8,2,11
102,1,8,2,11
31,4,2,5,11
232,7,0,4,11
261,8,0,3,11
228,3,4,4,11
227,1,6,4,11
42,2,5,4,11
56,3,3,5,11
24,6,2,3,11
53,1,5,4,10
67,4,4,2,10
235,2,6,2,10
100,6,1,3,10
250,8,0,2,10
245,7,0,2,9
8,3,5,1,9
23,2,4,3,9
215,3,4,2,9
251,8,0,1,9
96,1,5,3,9
257,6,0,3,9
38,2,6,1,9
193,1,2,6,9
237,4,2,2,8
253,7,0,1,8
248,4,0,4,8
101,2,1,5,8
85,1,5,2,8
263,4,0,3,7
241,3,0,4,7
35,2,2,3,7
46,2,3,2,7
231,1,3,3,7
216,0,4,3,7
260,2,0,5,7
68,1,3,2,6
264,2,0,4,6
224,1,1,4,6
243,4,0,1,5
244,4,0,1,5
266,4,0,1,5
225,0,2,3,5
252,4,0,0,4
246,4,0,0,4
254,3,0,1,4
258,2,0,2,4
262,1,0,2,3
256,2,0,0,2
